id,department_id,organization_id,name,role,phone,email,active
Organization-001-Dept-01-Part-01,Organization-001-Dept-01,Organization-001,Thomas Vazquez,Nurse,195-294-2286,barnettdiana@anderson.com,True
Organization-001-Dept-01-Part-02,Organization-001-Dept-01,Organization-001,Matthew Holt,Nurse,478.966.9530x706,batestyler@hotmail.com,False
Organization-001-Dept-01-Part-03,Organization-001-Dept-01,Organization-001,Christine Douglas,Nurse,770-448-6417x60756,wmartinez@curry-mcgee.biz,True
Organization-001-Dept-01-Part-04,Organization-001-Dept-01,Organization-001,Kristina Burns,Doctor,1364152895,kelly55@anderson.net,True
Organization-001-Dept-01-Part-05,Organization-001-Dept-01,Organization-001,Nathan Brown,Doctor,+1-523-069-3297x28620,travis72@jackson.com,True
Organization-001-Dept-01-Part-06,Organization-001-Dept-01,Organization-001,Eric Lamb,Nurse,001-533-705-1306x941,mcdowellsusan@alexander.com,True
Organization-001-Dept-01-Part-07,Organization-001-Dept-01,Organization-001,Hannah Mills,Doctor,798.094.9158,baxterdennis@thompson.com,True
Organization-001-Dept-01-Part-08,Organization-001-Dept-01,Organization-001,Herbert Myers,Doctor,001-490-282-8776x6877,matthew43@gmail.com,True
Organization-001-Dept-01-Part-09,Organization-001-Dept-01,Organization-001,Kara Carter,Doctor,(833)816-8130x016,ashleyrodriguez@vega.com,True
Organization-001-Dept-01-Part-10,Organization-001-Dept-01,Organization-001,Jessica Miller,Nurse,210.758.1232x57518,kaylafrancis@garza.net,True
Organization-001-Dept-02-Part-01,Organization-001-Dept-02,Organization-001,Brian Jones,Doctor,001-767-617-9660,david70@hotmail.com,True
Organization-001-Dept-02-Part-02,Organization-001-Dept-02,Organization-001,Mark Flynn,Nurse,(039)774-4449x778,joe61@nguyen-hunt.org,True
Organization-001-Dept-02-Part-03,Organization-001-Dept-02,Organization-001,Sherry Carpenter,Doctor,110-657-6133,jason97@gmail.com,True
Organization-001-Dept-02-Part-04,Organization-001-Dept-02,Organization-001,Jorge Wilkinson,Nurse,001-326-807-8893x883,robbinsrhonda@yahoo.com,True
Organization-001-Dept-02-Part-05,Organization-001-Dept-02,Organization-001,Debra Clark,Doctor,(017)867-7367x016,jonesthomas@white.info,True
Organization-001-Dept-02-Part-06,Organization-001-Dept-02,Organization-001,Dr. Christina Robertson,Nurse,001-491-634-6851,elliottmargaret@yahoo.com,True
Organization-001-Dept-02-Part-07,Organization-001-Dept-02,Organization-001,Sheena Cowan,Doctor,(307)628-8974x4624,briannabates@williams-cole.com,True
Organization-001-Dept-02-Part-08,Organization-001-Dept-02,Organization-001,Louis Smith,Doctor,001-745-740-5271x6076,chelseycole@miller.com,True
Organization-001-Dept-02-Part-09,Organization-001-Dept-02,Organization-001,Rebecca Washington,Nurse,989-952-2129,chanmichelle@hotmail.com,True
Organization-001-Dept-02-Part-10,Organization-001-Dept-02,Organization-001,Alexis Blackburn,Doctor,041.889.8087,michaelgonzalez@gmail.com,True
Organization-001-Dept-03-Part-01,Organization-001-Dept-03,Organization-001,Theresa Moore,Doctor,001.994.6145x96718,bowersjoe@walker-jackson.com,True
Organization-001-Dept-03-Part-02,Organization-001-Dept-03,Organization-001,Kyle White,Nurse,698-367-6149x494,jacobrodriguez@hotmail.com,True
Organization-001-Dept-03-Part-03,Organization-001-Dept-03,Organization-001,Shari Tapia,Nurse,(328)197-8239,justin40@maxwell-wang.net,True
Organization-001-Dept-03-Part-04,Organization-001-Dept-03,Organization-001,Anna Richards,Nurse,096-643-8247,donaldbeck@hotmail.com,True
Organization-001-Dept-03-Part-05,Organization-001-Dept-03,Organization-001,David Montoya,Doctor,(074)582-7614,waterschristina@gmail.com,True
Organization-001-Dept-03-Part-06,Organization-001-Dept-03,Organization-001,Brandon Craig,Doctor,570-612-2142x78469,andrea56@oconnell-manning.com,True
Organization-001-Dept-03-Part-07,Organization-001-Dept-03,Organization-001,Jeremy Anderson,Nurse,001-425-095-3846x6108,seanhernandez@hughes.com,False
Organization-001-Dept-03-Part-08,Organization-001-Dept-03,Organization-001,Cynthia Clark,Nurse,187-717-6451x1284,robertjohnson@taylor.com,True
Organization-001-Dept-03-Part-09,Organization-001-Dept-03,Organization-001,Craig Huff,Nurse,001-687-306-6710x06673,reginamarquez@gmail.com,True
Organization-001-Dept-03-Part-10,Organization-001-Dept-03,Organization-001,Jessica Rodriguez,Nurse,001-368-074-6626x61393,amy92@cooley.biz,True
Organization-001-Dept-04-Part-01,Organization-001-Dept-04,Organization-001,Christina Lee,Doctor,740.257.3888,rebeccaturner@hotmail.com,True
Organization-001-Dept-04-Part-02,Organization-001-Dept-04,Organization-001,Daniel Mullen,Nurse,460-692-0839x237,smithscott@yahoo.com,False
Organization-001-Dept-04-Part-03,Organization-001-Dept-04,Organization-001,Dillon Clark,Doctor,(023)970-4487x4500,eric52@woodard.biz,True
Organization-001-Dept-04-Part-04,Organization-001-Dept-04,Organization-001,Sara Marquez,Doctor,896.492.4216x9928,cmata@king.com,True
Organization-001-Dept-04-Part-05,Organization-001-Dept-04,Organization-001,Rick Johnson,Nurse,571-931-0791x569,kimberly79@gmail.com,True
Organization-001-Dept-04-Part-06,Organization-001-Dept-04,Organization-001,Jessica Rodriguez,Doctor,155-549-1996,nicholas73@gmail.com,True
Organization-001-Dept-04-Part-07,Organization-001-Dept-04,Organization-001,Stephanie Obrien,Nurse,6919929032,sabrina96@sharp.biz,True
Organization-001-Dept-04-Part-08,Organization-001-Dept-04,Organization-001,Audrey Stein,Doctor,001-851-753-7463x99797,wshah@yahoo.com,True
Organization-001-Dept-04-Part-09,Organization-001-Dept-04,Organization-001,Jason Ferguson,Nurse,+1-511-080-5611,brandi38@moore.com,True
Organization-001-Dept-04-Part-10,Organization-001-Dept-04,Organization-001,Stephanie Sandoval,Doctor,001-257-575-8033x5124,randycarroll@gmail.com,True
Organization-001-Dept-05-Part-01,Organization-001-Dept-05,Organization-001,Teresa Smith,Nurse,+1-163-704-2495,andrea84@gamble-watson.com,True
Organization-001-Dept-05-Part-02,Organization-001-Dept-05,Organization-001,Marissa Wilson,Nurse,+1-810-797-6348x938,bsmith@bennett.com,True
Organization-001-Dept-05-Part-03,Organization-001-Dept-05,Organization-001,Katie Davis,Doctor,001-937-451-2874x6363,sarahdonaldson@gmail.com,True
Organization-001-Dept-05-Part-04,Organization-001-Dept-05,Organization-001,Connie Perez,Nurse,604.559.1975x45608,dickersondebra@bailey.info,True
Organization-001-Dept-05-Part-05,Organization-001-Dept-05,Organization-001,Heather Lam,Nurse,+1-046-628-2291,smithchristopher@dunn-chapman.net,True
Organization-001-Dept-05-Part-06,Organization-001-Dept-05,Organization-001,David Cox,Nurse,954-950-1542x3103,hollandjustin@hotmail.com,True
Organization-001-Dept-05-Part-07,Organization-001-Dept-05,Organization-001,William Owens,Doctor,001-930-146-1206,joshuaberger@velasquez.info,True
Organization-001-Dept-05-Part-08,Organization-001-Dept-05,Organization-001,Elizabeth Adams,Doctor,001-700-682-2376,duncanjames@thomas.com,True
Organization-001-Dept-05-Part-09,Organization-001-Dept-05,Organization-001,Caleb Johnson,Doctor,011-988-8227x568,kimvasquez@shea.org,True
Organization-001-Dept-05-Part-10,Organization-001-Dept-05,Organization-001,Beth Rodriguez,Nurse,557-824-8492x3357,kevincross@boyd.com,True
Organization-001-Dept-06-Part-01,Organization-001-Dept-06,Organization-001,Ricky Moran,Doctor,154-637-8035x1199,chadcruz@yahoo.com,True
Organization-001-Dept-06-Part-02,Organization-001-Dept-06,Organization-001,Mary Colon,Doctor,414-835-2863x6395,bushrachel@hotmail.com,True
Organization-001-Dept-06-Part-03,Organization-001-Dept-06,Organization-001,Catherine Johnson,Doctor,(201)362-1949x048,olivia78@yahoo.com,True
Organization-001-Dept-06-Part-04,Organization-001-Dept-06,Organization-001,Christopher Oliver,Nurse,+1-213-061-0433,christy70@bray.com,True
Organization-001-Dept-06-Part-05,Organization-001-Dept-06,Organization-001,Ethan Singleton,Nurse,190.477.6905x721,austinzimmerman@gonzalez-wells.com,False
Organization-001-Dept-06-Part-06,Organization-001-Dept-06,Organization-001,Amanda Gregory,Doctor,7847080997,kylereyes@hotmail.com,True
Organization-001-Dept-06-Part-07,Organization-001-Dept-06,Organization-001,Christine Weiss,Doctor,+1-463-619-7341x175,timstevenson@hotmail.com,True
Organization-001-Dept-06-Part-08,Organization-001-Dept-06,Organization-001,Carmen Garcia,Doctor,777.019.9079,christinelucas@martinez-sutton.net,True
Organization-001-Dept-06-Part-09,Organization-001-Dept-06,Organization-001,Jeremy Erickson MD,Doctor,001-459-279-8901,thompsonwayne@palmer-moore.com,True
Organization-001-Dept-06-Part-10,Organization-001-Dept-06,Organization-001,Hannah Scott,Nurse,131-720-8297x446,fpitts@ray.com,True
Organization-001-Dept-07-Part-01,Organization-001-Dept-07,Organization-001,Susan Payne,Nurse,(679)316-7827,xweber@hotmail.com,True
Organization-001-Dept-07-Part-02,Organization-001-Dept-07,Organization-001,Nicole Thomas,Doctor,(559)366-9073x8961,josephramos@randall.com,True
Organization-001-Dept-07-Part-03,Organization-001-Dept-07,Organization-001,Thomas Cardenas,Doctor,780.644.3633,jonathanmay@goodwin.org,True
Organization-001-Dept-07-Part-04,Organization-001-Dept-07,Organization-001,Lauren Blake,Nurse,301-990-0703x55119,craigfuller@hotmail.com,True
Organization-001-Dept-07-Part-05,Organization-001-Dept-07,Organization-001,Steven Davis,Doctor,077-699-3689,svelasquez@gmail.com,True
Organization-001-Dept-07-Part-06,Organization-001-Dept-07,Organization-001,Aaron Navarro,Doctor,001-927-853-3653,wanda80@gmail.com,True
Organization-001-Dept-07-Part-07,Organization-001-Dept-07,Organization-001,Alicia Walker,Doctor,001-784-557-3897,jamesfox@gmail.com,True
Organization-001-Dept-07-Part-08,Organization-001-Dept-07,Organization-001,Victoria Collins,Nurse,1427588078,brian35@benton-simpson.info,True
Organization-001-Dept-07-Part-09,Organization-001-Dept-07,Organization-001,Alex Cummings,Doctor,246.983.4894x03884,jessica42@barrett.org,True
Organization-001-Dept-07-Part-10,Organization-001-Dept-07,Organization-001,Bonnie Buck,Nurse,0394348507,christian49@carpenter.com,True
Organization-002-Dept-01-Part-01,Organization-002-Dept-01,Organization-002,Mike Sawyer,Nurse,929.392.7909x60544,tylerkim@hunt.org,True
Organization-002-Dept-01-Part-02,Organization-002-Dept-01,Organization-002,Joseph Gardner Jr.,Nurse,657-118-2538x4994,fsimmons@dennis-moreno.com,True
Organization-002-Dept-01-Part-03,Organization-002-Dept-01,Organization-002,Chelsea Medina,Doctor,+1-729-425-5978x3886,grantashley@yahoo.com,True
Organization-002-Dept-01-Part-04,Organization-002-Dept-01,Organization-002,Jesse Wolfe,Nurse,739-948-1047,suzanne26@butler.com,True
Organization-002-Dept-01-Part-05,Organization-002-Dept-01,Organization-002,Diane Newman,Nurse,9971505540,kellyhughes@yahoo.com,True
Organization-002-Dept-01-Part-06,Organization-002-Dept-01,Organization-002,Kevin Jones,Nurse,840-229-2378x52913,qpearson@yahoo.com,True
Organization-002-Dept-01-Part-07,Organization-002-Dept-01,Organization-002,George Howard,Doctor,+1-086-568-2290x40442,pmcdowell@mccormick.com,True
Organization-002-Dept-01-Part-08,Organization-002-Dept-01,Organization-002,Lorraine Davis,Doctor,+1-051-586-5666x17877,mcgrathtina@carr-banks.com,True
Organization-002-Dept-01-Part-09,Organization-002-Dept-01,Organization-002,Robert Owens,Doctor,+1-093-425-7186x024,robert02@santiago.com,True
Organization-002-Dept-01-Part-10,Organization-002-Dept-01,Organization-002,Kelly Hines,Nurse,(601)869-4368,salinasmiguel@hotmail.com,True
Organization-002-Dept-02-Part-01,Organization-002-Dept-02,Organization-002,James Peterson,Doctor,688.916.3593x6830,xrose@owen.com,True
Organization-002-Dept-02-Part-02,Organization-002-Dept-02,Organization-002,Karen Lopez,Doctor,(115)541-7394x468,wilkinskelsey@yahoo.com,True
Organization-002-Dept-02-Part-03,Organization-002-Dept-02,Organization-002,Nicole Williams,Doctor,768-094-6646x466,gaineschristina@yahoo.com,True
Organization-002-Dept-02-Part-04,Organization-002-Dept-02,Organization-002,Charles Strong,Nurse,(586)803-8681x29456,sotorachel@reyes.org,True
Organization-002-Dept-02-Part-05,Organization-002-Dept-02,Organization-002,Brittany Tyler,Nurse,048.000.0830,maynarddavid@collins.com,True
Organization-002-Dept-02-Part-06,Organization-002-Dept-02,Organization-002,Maria Mays,Nurse,+1-780-405-2238x36333,thomasmyers@gmail.com,True
Organization-002-Dept-02-Part-07,Organization-002-Dept-02,Organization-002,Pam Edwards,Doctor,223-713-0999x45993,xsmith@simmons.org,True
Organization-002-Dept-02-Part-08,Organization-002-Dept-02,Organization-002,Joshua Navarro,Doctor,001-014-131-7000x45569,williamscory@villarreal.org,True
Organization-002-Dept-02-Part-09,Organization-002-Dept-02,Organization-002,Julie Palmer,Doctor,+1-865-983-3052x37704,qhall@yahoo.com,True
Organization-002-Dept-02-Part-10,Organization-002-Dept-02,Organization-002,Aaron Fields,Nurse,869-404-2708x3186,nowens@salazar-hatfield.info,True
Organization-003-Dept-01-Part-01,Organization-003-Dept-01,Organization-003,Leslie Webb,Doctor,(550)141-6391,bennettalan@hotmail.com,True
Organization-003-Dept-01-Part-02,Organization-003-Dept-01,Organization-003,Edward Rich,Doctor,001-728-308-7435x4726,bwoods@gmail.com,True
Organization-003-Dept-01-Part-03,Organization-003-Dept-01,Organization-003,Jose Quinn,Doctor,+1-937-108-6760x18641,victormitchell@hotmail.com,True
Organization-003-Dept-01-Part-04,Organization-003-Dept-01,Organization-003,Michael Carlson,Doctor,+1-796-395-7503x7764,ryanmoss@hotmail.com,True
Organization-003-Dept-01-Part-05,Organization-003-Dept-01,Organization-003,Ruben Vargas,Nurse,039-042-4987,christopher78@hotmail.com,True
Organization-003-Dept-01-Part-06,Organization-003-Dept-01,Organization-003,Edward Johns,Doctor,094-124-2403x01643,jwoods@yahoo.com,True
Organization-003-Dept-01-Part-07,Organization-003-Dept-01,Organization-003,Nicolas Garcia,Nurse,(064)841-0274x839,rosehunter@dunn.biz,True
Organization-003-Dept-01-Part-08,Organization-003-Dept-01,Organization-003,Aaron Alvarado,Doctor,(392)307-9067x3571,jill75@gonzalez.com,True
Organization-003-Dept-01-Part-09,Organization-003-Dept-01,Organization-003,Tiffany Hall,Doctor,404.417.3274x901,robert06@fisher.org,True
Organization-003-Dept-01-Part-10,Organization-003-Dept-01,Organization-003,Mr. Timothy Hester,Nurse,2741012505,bbarron@singleton.biz,True
Organization-004-Dept-01-Part-01,Organization-004-Dept-01,Organization-004,Adrian Walker,Doctor,(353)753-8846x985,leekenneth@malone.net,True
Organization-004-Dept-01-Part-02,Organization-004-Dept-01,Organization-004,Anthony Davidson,Nurse,798.945.9725x8904,usantos@smith-williams.com,True
Organization-004-Dept-01-Part-03,Organization-004-Dept-01,Organization-004,Ronald Tate,Doctor,+1-279-399-4619x17922,moraleskimberly@yahoo.com,True
Organization-004-Dept-01-Part-04,Organization-004-Dept-01,Organization-004,Angela Francis MD,Doctor,+1-618-050-4491x241,elizabeth64@hotmail.com,True
Organization-004-Dept-01-Part-05,Organization-004-Dept-01,Organization-004,Renee Martin,Nurse,(478)440-7767,curryhunter@hotmail.com,True
Organization-004-Dept-01-Part-06,Organization-004-Dept-01,Organization-004,Kristi Williams,Doctor,124-738-5329,maysjessica@payne-fletcher.info,True
Organization-004-Dept-01-Part-07,Organization-004-Dept-01,Organization-004,Katelyn Palmer,Doctor,675.939.0289x4857,knoxregina@tucker.com,True
Organization-004-Dept-01-Part-08,Organization-004-Dept-01,Organization-004,Erika Allen,Nurse,101-442-4347,gonzalespaul@gmail.com,True
Organization-004-Dept-01-Part-09,Organization-004-Dept-01,Organization-004,Stephanie Potts,Nurse,(372)991-7387,adamsashlee@lopez.com,True
Organization-004-Dept-01-Part-10,Organization-004-Dept-01,Organization-004,Patricia Gilbert,Nurse,694.350.0791,amyhubbard@yahoo.com,True
Organization-004-Dept-02-Part-01,Organization-004-Dept-02,Organization-004,Mary Higgins,Doctor,(423)127-3765x646,joseph41@gmail.com,True
Organization-004-Dept-02-Part-02,Organization-004-Dept-02,Organization-004,Amy Powers,Nurse,+1-472-891-7606x6771,zvaughan@jones.org,True
Organization-004-Dept-02-Part-03,Organization-004-Dept-02,Organization-004,Dana Baldwin,Nurse,(404)504-9349x55528,sotoemily@fernandez.biz,True
Organization-004-Dept-02-Part-04,Organization-004-Dept-02,Organization-004,Amy Garcia,Doctor,(230)701-4103x449,curtisjoseph@rhodes.com,True
Organization-004-Dept-02-Part-05,Organization-004-Dept-02,Organization-004,Jared Wolf,Doctor,001-784-184-9306x950,ann15@morales-underwood.com,True
Organization-004-Dept-02-Part-06,Organization-004-Dept-02,Organization-004,Sarah Davies,Doctor,(281)770-3838,davistony@yahoo.com,True
Organization-004-Dept-02-Part-07,Organization-004-Dept-02,Organization-004,Alexandria Ortega MD,Doctor,471.351.7384x68712,vincentwebb@cervantes.info,True
Organization-004-Dept-02-Part-08,Organization-004-Dept-02,Organization-004,Christina Melendez,Nurse,7382450905,justinjuarez@lawson-mann.com,True
Organization-004-Dept-02-Part-09,Organization-004-Dept-02,Organization-004,Justin Johnson,Nurse,208-070-2051x9668,smithjason@martin.org,True
Organization-004-Dept-02-Part-10,Organization-004-Dept-02,Organization-004,Samantha Franco,Nurse,(602)583-2460x87628,maysrodney@taylor-morton.com,True
Organization-005-Dept-01-Part-01,Organization-005-Dept-01,Organization-005,Heather Bray,Nurse,891.184.9881x117,youngjames@smith-davis.biz,True
Organization-005-Dept-01-Part-02,Organization-005-Dept-01,Organization-005,Robert Bennett,Nurse,407-196-7053x7384,davidoliver@hotmail.com,True
Organization-005-Dept-01-Part-03,Organization-005-Dept-01,Organization-005,Luis Dixon,Doctor,842-215-8580,elizabethjohnson@mcgee-harrell.com,True
Organization-005-Dept-01-Part-04,Organization-005-Dept-01,Organization-005,Michelle Porter,Doctor,(234)920-8571x6967,molly48@miller.net,True
Organization-005-Dept-01-Part-05,Organization-005-Dept-01,Organization-005,Zachary Parker,Nurse,9332642002,cdouglas@hotmail.com,True
Organization-005-Dept-01-Part-06,Organization-005-Dept-01,Organization-005,Kathy Nelson,Doctor,+1-011-637-6614,gloria80@stevens.com,True
Organization-005-Dept-01-Part-07,Organization-005-Dept-01,Organization-005,Rachel Macias,Doctor,+1-411-483-5279x346,jefferymiller@mendoza-hawkins.info,True
Organization-005-Dept-01-Part-08,Organization-005-Dept-01,Organization-005,David Sparks,Doctor,103-682-7181,narias@yahoo.com,False
Organization-005-Dept-01-Part-09,Organization-005-Dept-01,Organization-005,Lynn Jimenez,Nurse,(682)812-6051x61362,pageheidi@hotmail.com,True
Organization-005-Dept-01-Part-10,Organization-005-Dept-01,Organization-005,Donald Schwartz,Doctor,(328)615-2160x31990,benjaminburgess@gmail.com,True
Organization-006-Dept-01-Part-01,Organization-006-Dept-01,Organization-006,Amy Smith,Nurse,(670)961-7389x0559,patriciawheeler@leach-huffman.org,True
Organization-006-Dept-01-Part-02,Organization-006-Dept-01,Organization-006,Autumn Evans,Nurse,768.944.3796x088,austinalvarado@thompson-foster.com,True
Organization-006-Dept-01-Part-03,Organization-006-Dept-01,Organization-006,Brenda Davis,Doctor,+1-492-194-5390,stephanie71@hotmail.com,True
Organization-006-Dept-01-Part-04,Organization-006-Dept-01,Organization-006,Kimberly Soto,Nurse,599.336.2081x6448,veronicahernandez@hotmail.com,True
Organization-006-Dept-01-Part-05,Organization-006-Dept-01,Organization-006,Daniel Santos,Doctor,890-226-6271x58244,brian02@yahoo.com,True
Organization-006-Dept-01-Part-06,Organization-006-Dept-01,Organization-006,Dana Chang,Doctor,(262)039-5395,samuel63@hotmail.com,True
Organization-006-Dept-01-Part-07,Organization-006-Dept-01,Organization-006,Kenneth Woods,Doctor,+1-112-637-7528x276,hmyers@gmail.com,True
Organization-006-Dept-01-Part-08,Organization-006-Dept-01,Organization-006,Zachary Duncan,Doctor,424-783-0024x013,bentleyandrew@allen-shepherd.com,False
Organization-006-Dept-01-Part-09,Organization-006-Dept-01,Organization-006,Ryan Wolfe,Doctor,(714)611-5563,jesse93@yahoo.com,True
Organization-006-Dept-01-Part-10,Organization-006-Dept-01,Organization-006,Tammy Taylor,Doctor,9000432367,antonio72@gmail.com,True
Organization-006-Dept-02-Part-01,Organization-006-Dept-02,Organization-006,Roy King,Nurse,000-840-8583x5552,vwalker@gmail.com,True
Organization-006-Dept-02-Part-02,Organization-006-Dept-02,Organization-006,Cassandra Blackburn,Doctor,520-124-9008x5125,mpetersen@hotmail.com,True
Organization-006-Dept-02-Part-03,Organization-006-Dept-02,Organization-006,Joseph Roberts,Nurse,(872)696-2987,upatton@gmail.com,True
Organization-006-Dept-02-Part-04,Organization-006-Dept-02,Organization-006,Teresa Perez,Nurse,+1-490-424-8234x586,collinssamuel@garrison-buck.com,True
Organization-006-Dept-02-Part-05,Organization-006-Dept-02,Organization-006,Cory Cook,Doctor,+1-315-854-9027x0129,michaelharris@sawyer.com,True
Organization-006-Dept-02-Part-06,Organization-006-Dept-02,Organization-006,Glenn Butler,Doctor,(412)592-4880x007,jsmith@hotmail.com,True
Organization-006-Dept-02-Part-07,Organization-006-Dept-02,Organization-006,Amy Bean,Doctor,+1-533-934-1374x9031,donna59@porter-dunn.com,True
Organization-006-Dept-02-Part-08,Organization-006-Dept-02,Organization-006,Andrew Flores,Doctor,001-753-927-0158x81950,styler@roman-lee.org,True
Organization-006-Dept-02-Part-09,Organization-006-Dept-02,Organization-006,Larry Simmons,Doctor,324.963.1788,wesleyallen@hotmail.com,True
Organization-006-Dept-02-Part-10,Organization-006-Dept-02,Organization-006,Maurice Davis,Doctor,001-976-133-1472x3130,patrickwhite@brown-thomas.net,True
Organization-007-Dept-01-Part-01,Organization-007-Dept-01,Organization-007,John Hernandez,Doctor,+1-483-929-6846,asmith@smith.com,True
Organization-007-Dept-01-Part-02,Organization-007-Dept-01,Organization-007,Richard Johns,Doctor,+1-401-581-2153x4835,chloe96@gordon.info,True
Organization-007-Dept-01-Part-03,Organization-007-Dept-01,Organization-007,Mathew Hughes,Doctor,001-704-961-3022x196,tammy06@ramirez.com,False
Organization-007-Dept-01-Part-04,Organization-007-Dept-01,Organization-007,Eric Russo,Doctor,833-270-2874x2767,johntaylor@harrington.com,True
Organization-007-Dept-01-Part-05,Organization-007-Dept-01,Organization-007,Nathan Dixon,Doctor,744-759-3306x082,boltonphillip@jordan.com,True
Organization-007-Dept-01-Part-06,Organization-007-Dept-01,Organization-007,Brittany Larsen,Nurse,(249)139-4274x598,novaksamuel@gmail.com,True
Organization-007-Dept-01-Part-07,Organization-007-Dept-01,Organization-007,John Arnold,Doctor,841.759.3077,melissamurphy@hunter.info,True
Organization-007-Dept-01-Part-08,Organization-007-Dept-01,Organization-007,Melissa Marquez,Doctor,211-254-3751x4501,nancyrogers@yahoo.com,True
Organization-007-Dept-01-Part-09,Organization-007-Dept-01,Organization-007,Kyle Edwards,Nurse,284.508.6012x9167,wdavis@baird.com,True
Organization-007-Dept-01-Part-10,Organization-007-Dept-01,Organization-007,Trevor Hudson,Doctor,9617686967,jennifer74@gmail.com,True
Organization-007-Dept-02-Part-01,Organization-007-Dept-02,Organization-007,Angela Mejia,Nurse,560.248.1562x1197,wesleydiaz@gmail.com,True
Organization-007-Dept-02-Part-02,Organization-007-Dept-02,Organization-007,Jason Burch,Doctor,(042)202-1248,bennettkatie@williams.com,True
Organization-007-Dept-02-Part-03,Organization-007-Dept-02,Organization-007,Victoria Mitchell,Nurse,384.924.4240x459,sharon11@carter.info,True
Organization-007-Dept-02-Part-04,Organization-007-Dept-02,Organization-007,Jason Bishop,Nurse,+1-022-666-7412x267,dlopez@foster-brooks.org,True
Organization-007-Dept-02-Part-05,Organization-007-Dept-02,Organization-007,Catherine Graham,Doctor,282.649.0880,bakeralicia@gmail.com,True
Organization-007-Dept-02-Part-06,Organization-007-Dept-02,Organization-007,Mark Williams,Doctor,+1-256-299-6551x3509,johnbarnes@chambers.com,True
Organization-007-Dept-02-Part-07,Organization-007-Dept-02,Organization-007,Cynthia Johnson,Doctor,001-460-246-1082,dixonmelissa@gmail.com,False
Organization-007-Dept-02-Part-08,Organization-007-Dept-02,Organization-007,Taylor Cole,Doctor,146-418-7160x55806,amanda37@yahoo.com,True
Organization-007-Dept-02-Part-09,Organization-007-Dept-02,Organization-007,Jennifer Small,Nurse,1615756704,jali@gmail.com,True
Organization-007-Dept-02-Part-10,Organization-007-Dept-02,Organization-007,Matthew Thomas,Nurse,196.936.3970x1355,kimberly75@gmail.com,True
Organization-008-Dept-01-Part-01,Organization-008-Dept-01,Organization-008,Michael Roberson,Doctor,(148)621-5639x6445,victoriamoran@lambert.org,True
Organization-008-Dept-01-Part-02,Organization-008-Dept-01,Organization-008,Phillip Boyd,Doctor,527.144.8538,austingoodwin@smith-roberts.net,True
Organization-008-Dept-01-Part-03,Organization-008-Dept-01,Organization-008,Angel Evans,Nurse,589-292-9603,smartinez@savage.net,True
Organization-008-Dept-01-Part-04,Organization-008-Dept-01,Organization-008,Wanda Allen,Doctor,(758)836-8474,millerstephanie@hotmail.com,True
Organization-008-Dept-01-Part-05,Organization-008-Dept-01,Organization-008,Virginia Contreras,Nurse,547.621.3031x9496,blarson@ingram.com,True
Organization-008-Dept-01-Part-06,Organization-008-Dept-01,Organization-008,Sheila Robertson,Doctor,398.014.2892x24821,jose84@young.com,True
Organization-008-Dept-01-Part-07,Organization-008-Dept-01,Organization-008,Erin Perez,Doctor,068-772-9720,donovanmarilyn@hotmail.com,True
Organization-008-Dept-01-Part-08,Organization-008-Dept-01,Organization-008,Belinda Moses,Nurse,+1-931-151-9220x910,kelseymosley@briggs-reese.com,True
Organization-008-Dept-01-Part-09,Organization-008-Dept-01,Organization-008,Michelle Rodriguez,Nurse,639-710-5781x9703,ybrown@yahoo.com,True
Organization-008-Dept-01-Part-10,Organization-008-Dept-01,Organization-008,Natalie Thomas,Doctor,001-218-523-5388x8338,gmitchell@hotmail.com,True
Organization-009-Dept-01-Part-01,Organization-009-Dept-01,Organization-009,Susan Scott,Doctor,654.439.2013x5918,rperez@stewart-levy.com,True
Organization-009-Dept-01-Part-02,Organization-009-Dept-01,Organization-009,Jason Love,Nurse,+1-474-654-3042,gutierrezjoel@gmail.com,True
Organization-009-Dept-01-Part-03,Organization-009-Dept-01,Organization-009,Gina Serrano,Doctor,1592987989,hudsonteresa@wiggins.biz,True
Organization-009-Dept-01-Part-04,Organization-009-Dept-01,Organization-009,Christopher Meadows,Doctor,983.010.0815,allenbrenda@green.com,True
Organization-009-Dept-01-Part-05,Organization-009-Dept-01,Organization-009,Jessica Owens,Doctor,(121)495-6945,maxpage@hotmail.com,False
Organization-009-Dept-01-Part-06,Organization-009-Dept-01,Organization-009,Ashley Hall,Nurse,276-944-8865x812,roberthardin@gmail.com,True
Organization-009-Dept-01-Part-07,Organization-009-Dept-01,Organization-009,Daniel Jordan,Doctor,+1-864-267-8181,petersmariah@briggs.biz,True
Organization-009-Dept-01-Part-08,Organization-009-Dept-01,Organization-009,Leah Horne,Doctor,001-720-605-0471x626,kristinalopez@yahoo.com,True
Organization-009-Dept-01-Part-09,Organization-009-Dept-01,Organization-009,Thomas Allen,Nurse,7234134001,shannonchapman@rivera-murray.com,True
Organization-009-Dept-01-Part-10,Organization-009-Dept-01,Organization-009,Brent Thomas,Nurse,718.841.5927,sandersyvette@miller.biz,True
Organization-009-Dept-02-Part-01,Organization-009-Dept-02,Organization-009,Brian Walker,Doctor,+1-395-143-5816x50248,yburns@diaz.net,True
Organization-009-Dept-02-Part-02,Organization-009-Dept-02,Organization-009,Melissa Norris,Doctor,(408)482-6640x4222,pdavis@forbes.net,True
Organization-009-Dept-02-Part-03,Organization-009-Dept-02,Organization-009,Christopher Robinson,Doctor,001-556-510-7902x601,phillipscott@henry.com,True
Organization-009-Dept-02-Part-04,Organization-009-Dept-02,Organization-009,Sharon Baker,Nurse,+1-890-532-4100,sarahmurphy@yahoo.com,True
Organization-009-Dept-02-Part-05,Organization-009-Dept-02,Organization-009,Sharon Holmes,Doctor,143.542.4490,joanbrown@white-navarro.com,True
Organization-009-Dept-02-Part-06,Organization-009-Dept-02,Organization-009,David Kidd,Doctor,+1-023-680-7183x9057,wiseashley@nguyen-thompson.com,True
Organization-009-Dept-02-Part-07,Organization-009-Dept-02,Organization-009,Michael Johnson,Doctor,673-133-5293,gabriel77@yahoo.com,False
Organization-009-Dept-02-Part-08,Organization-009-Dept-02,Organization-009,Sharon Leon,Doctor,604.467.8890x18796,ehart@douglas.com,True
Organization-009-Dept-02-Part-09,Organization-009-Dept-02,Organization-009,Catherine Harrington,Doctor,001-603-550-1623x13057,nrivas@nolan.com,True
Organization-009-Dept-02-Part-10,Organization-009-Dept-02,Organization-009,Katelyn Rhodes,Nurse,0045959564,jeremy45@hotmail.com,True
Organization-009-Dept-03-Part-01,Organization-009-Dept-03,Organization-009,Eric Black,Doctor,+1-912-985-5956,brittanyelliott@hotmail.com,True
Organization-009-Dept-03-Part-02,Organization-009-Dept-03,Organization-009,Joseph Ruiz,Nurse,(883)485-2456x12822,kenneth57@gmail.com,True
Organization-009-Dept-03-Part-03,Organization-009-Dept-03,Organization-009,Angel Harper,Nurse,(251)666-2496,david37@hotmail.com,True
Organization-009-Dept-03-Part-04,Organization-009-Dept-03,Organization-009,Ashley Morales,Doctor,854-707-1848x9384,diazamanda@gmail.com,True
Organization-009-Dept-03-Part-05,Organization-009-Dept-03,Organization-009,Brandon Mendoza,Nurse,967.530.5901,jennifer28@fernandez.net,True
Organization-009-Dept-03-Part-06,Organization-009-Dept-03,Organization-009,Dale Valdez,Doctor,(227)627-0497x84959,russellconnor@gmail.com,True
Organization-009-Dept-03-Part-07,Organization-009-Dept-03,Organization-009,Belinda Clark,Nurse,+1-046-291-8660x998,lauren89@yahoo.com,True
Organization-009-Dept-03-Part-08,Organization-009-Dept-03,Organization-009,Maria Duke,Doctor,810.976.3828x467,virginia90@sullivan-nash.com,True
Organization-009-Dept-03-Part-09,Organization-009-Dept-03,Organization-009,Dustin Garcia,Nurse,(958)955-3707,floresmichelle@yahoo.com,True
Organization-009-Dept-03-Part-10,Organization-009-Dept-03,Organization-009,Daniel Gutierrez,Nurse,930-786-6343x3154,kflores@burton.com,True
Organization-010-Dept-01-Part-01,Organization-010-Dept-01,Organization-010,Angela Sanders,Nurse,+1-026-397-5162x9434,taylor06@roach.info,True
Organization-010-Dept-01-Part-02,Organization-010-Dept-01,Organization-010,Kevin Perry,Nurse,001-711-161-8677x292,brooke04@smith-sawyer.com,True
Organization-010-Dept-01-Part-03,Organization-010-Dept-01,Organization-010,Stephanie Reed,Doctor,(501)019-5324,wigginsmartha@yahoo.com,True
Organization-010-Dept-01-Part-04,Organization-010-Dept-01,Organization-010,Kenneth Hernandez,Nurse,8428921288,pjackson@brennan.info,True
Organization-010-Dept-01-Part-05,Organization-010-Dept-01,Organization-010,Christy Washington,Doctor,001-030-993-5301x69239,christopher23@guerrero-park.org,True
Organization-010-Dept-01-Part-06,Organization-010-Dept-01,Organization-010,April Hendrix,Nurse,(075)976-1310,michaeljackson@lyons.biz,True
Organization-010-Dept-01-Part-07,Organization-010-Dept-01,Organization-010,Michael Rodriguez,Nurse,022-645-4623x66582,williamsmallory@jones.org,True
Organization-010-Dept-01-Part-08,Organization-010-Dept-01,Organization-010,Michael Rogers,Nurse,001-167-967-6288x2014,travis41@hotmail.com,True
Organization-010-Dept-01-Part-09,Organization-010-Dept-01,Organization-010,Timothy Melton,Doctor,+1-144-192-6745,theath@hotmail.com,True
Organization-010-Dept-01-Part-10,Organization-010-Dept-01,Organization-010,Megan Perry,Doctor,780.271.0225x607,joseph40@hotmail.com,True
Organization-010-Dept-02-Part-01,Organization-010-Dept-02,Organization-010,Bethany Clay,Nurse,532-086-8808x17625,weekstyler@barnett.org,True
Organization-010-Dept-02-Part-02,Organization-010-Dept-02,Organization-010,Julie Diaz,Doctor,(952)576-0661x9472,joanne73@oneal.com,True
Organization-010-Dept-02-Part-03,Organization-010-Dept-02,Organization-010,Holly Olson,Nurse,272-197-1629x751,ashleymay@watson-sanchez.org,True
Organization-010-Dept-02-Part-04,Organization-010-Dept-02,Organization-010,James Shaffer II,Doctor,429-417-3450x4249,roberthenry@long-simpson.info,True
Organization-010-Dept-02-Part-05,Organization-010-Dept-02,Organization-010,Linda Ortiz,Doctor,(143)034-1186,kim65@patterson.info,True
Organization-010-Dept-02-Part-06,Organization-010-Dept-02,Organization-010,Kristen Potts,Nurse,250-998-2824x7180,stephanie02@reynolds.com,True
Organization-010-Dept-02-Part-07,Organization-010-Dept-02,Organization-010,Brandon Stewart,Doctor,400-602-9217,michael51@meyer-smith.com,True
Organization-010-Dept-02-Part-08,Organization-010-Dept-02,Organization-010,Terry Williams,Nurse,(842)967-2356x4409,yjones@yahoo.com,True
Organization-010-Dept-02-Part-09,Organization-010-Dept-02,Organization-010,Bethany Rowe,Nurse,+1-117-857-1577x623,peter16@brown.biz,True
Organization-010-Dept-02-Part-10,Organization-010-Dept-02,Organization-010,Elizabeth Smith,Doctor,923-080-8277,tammie90@rosario-johnson.org,True
Organization-010-Dept-03-Part-01,Organization-010-Dept-03,Organization-010,Valerie Williams,Doctor,001-390-384-0161,fisherdaniel@rivera.net,True
Organization-010-Dept-03-Part-02,Organization-010-Dept-03,Organization-010,Angela Silva,Doctor,369.446.4753x64086,anthonyhenderson@yahoo.com,True
Organization-010-Dept-03-Part-03,Organization-010-Dept-03,Organization-010,Roy Fletcher,Nurse,869-563-8521x698,walljay@kelly.com,True
Organization-010-Dept-03-Part-04,Organization-010-Dept-03,Organization-010,Brian Winters,Nurse,857-074-4723x86435,zmassey@yahoo.com,True
Organization-010-Dept-03-Part-05,Organization-010-Dept-03,Organization-010,Christine Carr,Doctor,(709)265-1689x75942,ycurtis@hotmail.com,True
Organization-010-Dept-03-Part-06,Organization-010-Dept-03,Organization-010,Alexander Frank,Doctor,8263729736,adam36@schultz.com,True
Organization-010-Dept-03-Part-07,Organization-010-Dept-03,Organization-010,Christopher Jennings,Doctor,684-462-6208,lewiscolleen@yahoo.com,True
Organization-010-Dept-03-Part-08,Organization-010-Dept-03,Organization-010,Keith Hawkins,Doctor,221-199-8614,adam94@hotmail.com,True
Organization-010-Dept-03-Part-09,Organization-010-Dept-03,Organization-010,Carl Jones,Nurse,514-799-1860x17414,wilsonteresa@gmail.com,True
Organization-010-Dept-03-Part-10,Organization-010-Dept-03,Organization-010,Michael Kent,Doctor,388.425.9347x74876,mendezjay@gmail.com,True
Organization-010-Dept-04-Part-01,Organization-010-Dept-04,Organization-010,Gregg Alexander,Doctor,628-867-5538,bradley03@foster.com,True
Organization-010-Dept-04-Part-02,Organization-010-Dept-04,Organization-010,Kimberly Mason,Nurse,715-066-6442,lisa92@yahoo.com,True
Organization-010-Dept-04-Part-03,Organization-010-Dept-04,Organization-010,Jacob Smith,Doctor,3235268979,smithbenjamin@hotmail.com,True
Organization-010-Dept-04-Part-04,Organization-010-Dept-04,Organization-010,Natalie Williamson,Doctor,(795)535-1607,kingmary@ramirez-perry.com,True
Organization-010-Dept-04-Part-05,Organization-010-Dept-04,Organization-010,Jennifer Garrison,Doctor,751.810.0722x96673,moranlogan@hotmail.com,False
Organization-010-Dept-04-Part-06,Organization-010-Dept-04,Organization-010,Daniel Nash,Doctor,(231)349-9607x0737,qcruz@clayton.net,True
Organization-010-Dept-04-Part-07,Organization-010-Dept-04,Organization-010,Adam Hayes,Doctor,102.566.6484x84728,thomasthompson@patel.biz,True
Organization-010-Dept-04-Part-08,Organization-010-Dept-04,Organization-010,Jeremy Montes,Nurse,848.486.9431,ariel84@wilson.biz,True
Organization-010-Dept-04-Part-09,Organization-010-Dept-04,Organization-010,Mr. Sean Smith,Doctor,612-626-0049x10213,lcampbell@gmail.com,True
Organization-010-Dept-04-Part-10,Organization-010-Dept-04,Organization-010,Allison Hawkins,Doctor,785.633.2087,wilsonvanessa@mcfarland.com,True
Organization-010-Dept-05-Part-01,Organization-010-Dept-05,Organization-010,Jeanne Higgins,Nurse,(443)087-9986,dustinbautista@yahoo.com,True
Organization-010-Dept-05-Part-02,Organization-010-Dept-05,Organization-010,Marilyn Baldwin,Nurse,3867677776,nashdebbie@gmail.com,True
Organization-010-Dept-05-Part-03,Organization-010-Dept-05,Organization-010,Kelly Moore,Nurse,330-508-9218x3427,bowerscarl@roberts.com,True
Organization-010-Dept-05-Part-04,Organization-010-Dept-05,Organization-010,Rachel Blankenship,Doctor,444.311.9200,cgraham@oneill.com,True
Organization-010-Dept-05-Part-05,Organization-010-Dept-05,Organization-010,Dominique Duncan,Doctor,+1-693-638-3197x87008,kball@hotmail.com,True
Organization-010-Dept-05-Part-06,Organization-010-Dept-05,Organization-010,Daniel Jenkins,Doctor,001-466-149-2652x2967,rwood@hotmail.com,True
Organization-010-Dept-05-Part-07,Organization-010-Dept-05,Organization-010,Alicia Thomas,Nurse,+1-943-402-9302,greenstephanie@mclaughlin.com,True
Organization-010-Dept-05-Part-08,Organization-010-Dept-05,Organization-010,James Walker,Nurse,001-629-839-2518,thomasrobert@smith.com,True
Organization-010-Dept-05-Part-09,Organization-010-Dept-05,Organization-010,Ashley Mcbride,Nurse,(698)976-6225x359,moorealbert@gmail.com,True
Organization-010-Dept-05-Part-10,Organization-010-Dept-05,Organization-010,Andrew Graham,Nurse,001-918-068-0134x049,josejuarez@lawrence.com,True
